{
    "rmse": 8.833112169954239,
    "mae": 4.072037438338693,
    "r2": 0.9940245726288136
}